wavelength_nm,intensity
420.0,0.2276179269938608
420.1000400160064,0.19416474864317781
420.2000800320128,0.23908998155947875
420.3001200480192,0.24400716807110612
420.4001600640256,0.17188151613982947
420.500200080032,0.18826725014329082
420.6002400960384,0.2241820851825413
420.7002801120448,0.2132443419791683
420.8003201280512,0.22089470299653474
420.90036014405763,0.2001529514193226
421.00040016006403,0.24362830824910048
421.10044017607044,0.2412524571927489
421.20048019207684,0.22362271590253538
421.30052020808324,0.25031725708761043
421.40056022408965,0.23398822677957226
421.50060024009605,0.20098243488763973
421.60064025610245,0.23184775529155885
421.70068027210885,0.19882114495872566
421.80072028811526,0.24491867592923972
421.90076030412166,0.2218734622332662
422.00080032012806,0.21866422479215433
422.10084033613447,0.2064267004724358
422.20088035214087,0.2541776081475577
422.3009203681473,0.21991495269128267
422.4009603841537,0.21323408778321093
422.5010004001601,0.21530301576940114
422.6010404161665,0.23757813203301648
422.7010804321729,0.2335705276025341
422.8011204481793,0.2349167396878689
422.9011604641857,0.23553292175181084
423.0012004801921,0.2784675319201608
423.1012404961985,0.21492988372296487
423.2012805122049,0.21244807922185133
423.3013205282113,0.2050736877101001
423.4013605442177,0.24098131916990279
423.5014005602241,0.2539699369045318
423.6014405762305,0.2230607064883811
423.7014805922369,0.20506921078192303
423.8015206082433,0.20562478759394287
423.9015606242497,0.24266529753737975
424.00160064025613,0.24514545562427326
424.10164065626253,0.24030654427301143
424.20168067226894,0.21025349289531542
424.3017206882753,0.23285877752980824
424.4017607042817,0.2301353584935417
424.5018007202881,0.23284885600455435
424.6018407362945,0.24933074643924305
424.7018807523009,0.23329825877084237
424.8019207683073,0.24484450842011143
424.9019607843137,0.22972440067780833
425.0020008003201,0.2354261178854376
425.1020408163265,0.2441435009973528
425.2020808323329,0.19209551481944798
425.3021208483393,0.22069569647864393
425.4021608643457,0.2170911777857127
425.5022008803521,0.21304151495296028
425.6022408963585,0.22229782073218918
425.7022809123649,0.266712773562994
425.80232092837133,0.207856273652636
425.90236094437773,0.25387176724466487
426.00240096038414,0.18775576607543462
426.10244097639054,0.22161803083258988
426.20248099239694,0.23422157273658348
426.30252100840335,0.2449708363103142
426.40256102440975,0.24825841590997813
426.50260104041615,0.25047384623670915
426.60264105642256,0.2220843921265486
426.70268107242896,0.2194060164089461
426.80272108843536,0.25257643834930066
426.90276110444177,0.22650660017092036
427.00280112044817,0.19955915315116138
427.1028411364546,0.20328116887703643
427.202881152461,0.20878901420529855
427.3029211684674,0.24436624530597387
427.4029611844738,0.23565970776268022
427.5030012004802,0.24952296726236484
427.6030412164866,0.2217412167825133
427.703081232493,0.2365476543162033
427.8031212484994,0.24838547964310717
427.9031612645058,0.2251735418005951
428.0032012805122,0.24448799856660258
428.1032412965186,0.21668180735940376
428.203281312525,0.22431487299523528
428.3033213285314,0.22400895918875058
428.4033613445378,0.20381752597616976
428.5034013605442,0.24604886200297527
428.6034413765506,0.2223004457290084
428.703481392557,0.23450873193000038
428.8035214085634,0.2463758397335183
428.90356142456983,0.24568116562700898
429.00360144057623,0.2513131446779586
429.10364145658264,0.23237692742660396
429.20368147258904,0.22441707027927066
429.30372148859544,0.23316695140178292
429.40376150460185,0.19313683857098707
429.50380152060825,0.19930259360537642
429.60384153661465,0.20257303345343344
429.70388155262106,0.21086938286943963
429.80392156862746,0.24595484957683172
429.90396158463386,0.2134833675280728
430.00400160064027,0.22682603882118896
430.10404161664667,0.26892047673715264
430.2040816326531,0.22769274360073022
430.3041216486595,0.25519671174311537
430.4041616646659,0.2135777653605082
430.5042016806723,0.23194155752503787
430.6042416966787,0.21348613759888804
430.7042817126851,0.22891995707109608
430.8043217286915,0.2585624840079161
430.9043617446979,0.19453066731014054
431.0044017607043,0.24873306612315563
431.1044417767107,0.2439745611747811
431.2044817927171,0.2233360163555631
431.3045218087235,0.20219681018229596
431.4045618247299,0.240309881805206
431.5046018407363,0.2254276093471029
431.6046418567427,0.244640009825405
431.7046818727491,0.23952747927033954
431.8047218887555,0.2791836117461146
431.9047619047619,0.2333131044653598
432.00480192076833,0.21386730450318378
432.10484193677473,0.24409426945915452
432.20488195278114,0.24526982170342537
432.30492196878754,0.27390700871141316
432.40496198479394,0.260962406110974
432.50500200080035,0.24916362192772168
432.60504201680675,0.2769817270722054
432.70508203281315,0.21083854975655839
432.8051220488195,0.22472920853548178
432.90516206482596,0.2177574721869918
433.0052020808323,0.2315156692994424
433.1052420968387,0.2076910813112149
433.2052821128451,0.26042873797357263
433.3053221288515,0.2457430820115188
433.4053621448579,0.23122458513166178
433.5054021608643,0.27872313654830905
433.6054421768707,0.37950052193646533
433.7054821928771,0.5007081664853755
433.80552220888353,0.6754121122118873
433.90556222488993,0.8592069568112772
434.00560224089634,0.9324624043311631
434.10564225690274,0.9651697471553773
434.20568227290914,0.9126919843472059
434.30572228891555,0.8656808710012076
434.40576230492195,0.6846643310652243
434.50580232092835,0.5376949736069772
434.60584233693476,0.4051914636245886
434.70588235294116,0.3306197970288784
434.80592236894756,0.3111785000317599
434.90596238495397,0.2640238807743124
435.00600240096037,0.2457847553031066
435.1060424169668,0.22011835418167686
435.2060824329732,0.20303818591608036
435.3061224489796,0.2325464192794526
435.406162464986,0.24342560423510815
435.5062024809924,0.28910292223414913
435.6062424969988,0.24831121122798913
435.7062825130052,0.2697753463839967
435.8063225290116,0.2328773429944047
435.906362545018,0.21588894562470862
436.0064025610244,0.2215372938601707
436.1064425770308,0.22768709124963943
436.2064825930372,0.2991818710993865
436.3065226090436,0.22558769977429435
436.40656262505,0.26723668901156045
436.5066026410564,0.22385322399147084
436.6066426570628,0.2698675248204946
436.7066826730692,0.2563536204042821
436.8067226890756,0.2429653954309156
436.90676270508203,0.24601362537840665
437.00680272108843,0.2308141900163649
437.10684273709484,0.25848672869377176
437.20688275310124,0.2361112244618104
437.30692276910764,0.21699640092467978
437.40696278511405,0.2158386841215135
437.50700280112045,0.2522522439737701
437.60704281712685,0.2875650932624931
437.70708283313326,0.2522377104643976
437.80712284913966,0.24542191187875773
437.90716286514606,0.25568331424521856
438.00720288115247,0.2813373350235767
438.10724289715887,0.2543213239290553
438.2072829131653,0.2387128889139848
438.3073229291717,0.27679243329084646
438.4073629451781,0.2600031091102244
438.5074029611845,0.28782691650422854
438.6074429771909,0.254162531329667
438.7074829931973,0.21911843263422648
438.8075230092037,0.2156745000030826
438.9075630252101,0.2912998325727529
439.0076030412165,0.29326626349332674
439.1076430572229,0.24583445747211366
439.2076830732293,0.2408904024308909
439.3077230892357,0.2871536699475375
439.4077631052421,0.22308872650346173
439.5078031212485,0.22854382692978872
439.6078431372549,0.26714213326271485
439.7078831532613,0.24134062266648418
439.8079231692677,0.2512243169725691
439.9079631852741,0.2474127288510226
440.00800320128053,0.2600844266909285
440.10804321728693,0.28697819435759847
440.20808323329334,0.2542016777632502
440.30812324929974,0.2681812538173506
440.40816326530614,0.20097403120122564
440.50820328131255,0.2511557434867116
440.60824329731895,0.2314381358730092
440.70828331332535,0.2221935737249979
440.80832332933176,0.23085491640148947
440.90836334533816,0.24460028185562957
441.00840336134456,0.2759953899167692
441.1084433773509,0.2200822823138331
441.20848339335737,0.2541519761163356
441.3085234093637,0.2414258553884675
441.4085634253702,0.24548197939226882
441.5086034413765,0.27888628025714945
441.608643457383,0.267413560002615
441.7086834733893,0.2875387770339329
441.80872348939573,0.25038414269347425
441.90876350540213,0.23699098900701843
442.00880352140854,0.24893566204029927
442.10884353741494,0.2607369381908983
442.20888355342134,0.25923104534593633
442.30892356942775,0.22784900882987064
442.40896358543415,0.25736275995169683
442.50900360144055,0.26094783321408904
442.60904361744696,0.3183203894746346
442.70908363345336,0.30244587067338535
442.80912364945976,0.2343346910167576
442.90916366546617,0.24862201192226452
443.00920368147257,0.21936116814438894
443.109243697479,0.2413199653793998
443.2092837134854,0.26411798792670116
443.3093237294918,0.28651422430095436
443.4093637454982,0.23828060687502525
443.5094037615046,0.24029365822120893
443.609443777511,0.20310450651616313
443.7094837935174,0.2528592931848472
443.8095238095238,0.23050458501428048
443.9095638255302,0.24396775818539507
444.0096038415366,0.2354208166953097
444.109643857543,0.2551241575706958
444.2096838735494,0.21367568919623617
444.3097238895558,0.22108073695392208
444.4097639055622,0.31112580583482596
444.5098039215686,0.22584661356774888
444.609843937575,0.2307498781086718
444.7098839535814,0.3042294839400836
444.8099239695878,0.3310702411049931
444.90996398559423,0.22929109956527727
445.01000400160063,0.24951053133994794
445.11004401760704,0.26739191986226757
445.21008403361344,0.30220653317867674
445.31012404961984,0.234453510535352
445.41016406562625,0.253128620521589
445.51020408163265,0.27882941829292274
445.61024409763905,0.2704003253237989
445.71028411364546,0.2502622479057932
445.81032412965186,0.2564553327576403
445.91036414565826,0.2255630491125855
446.01040416166467,0.25411541775057
446.11044417767107,0.25354417001593293
446.2104841936775,0.2661419786242691
446.3105242096839,0.24658820254675798
446.4105642256903,0.2723932745473943
446.5106042416967,0.2860559115472758
446.6106442577031,0.2647567293833865
446.7106842737095,0.2697976612856636
446.8107242897159,0.2624651637673257
446.9107643057223,0.26127069235146533
447.0108043217287,0.24336170690378447
447.1108443377351,0.26944486160386466
447.2108843537415,0.25923195885435935
447.3109243697479,0.31412472105696937
447.4109643857543,0.30126054551616466
447.5110044017607,0.27170376582745254
447.6110444177671,0.24311186960809414
447.7110844337735,0.23450847900634683
447.8111244497799,0.2922275730499416
447.9111644657863,0.2691477300741781
448.01120448179273,0.27471235090563934
448.11124449779913,0.21922364802290215
448.21128451380554,0.28615355646408225
448.31132452981194,0.2744571638121459
448.41136454581834,0.23546471273612424
448.51140456182475,0.2515659470641608
448.61144457783115,0.27007534703559016
448.71148459383755,0.26492219819425805
448.81152460984396,0.2564341208933552
448.91156462585036,0.26127882649826717
449.01160464185676,0.25769399113051683
449.11164465786317,0.26793463986620764
449.21168467386957,0.30103478632846786
449.311724689876,0.20020769375421044
449.4117647058824,0.25857932314626936
449.5118047218888,0.2690395718582929
449.6118447378951,0.27215254859235677
449.7118847539016,0.25558052718434165
449.81192476990793,0.221085794745369
449.9119647859144,0.27332892809668347
450.01200480192074,0.30843775154675085
450.1120448179272,0.22703216913867183
450.21208483393355,0.28709886494288633
450.31212484993995,0.25741424602298074
450.41216486594635,0.26421823101158526
450.51220488195275,0.2395525903974934
450.61224489795916,0.25763711221345253
450.71228491396556,0.2986228439965353
450.81232492997196,0.280811071436952
450.91236494597837,0.30967518983627695
451.01240496198477,0.2959251537009541
451.1124449779912,0.27758922709515554
451.2124849939976,0.31033237320171075
451.312525010004,0.2778305346341161
451.4125650260104,0.28767685081069555
451.5126050420168,0.2596840578009871
451.6126450580232,0.2688829062264905
451.7126850740296,0.24990433780091556
451.812725090036,0.2921999470872456
451.9127651060424,0.2381229156938787
452.0128051220488,0.287259164018983
452.1128451380552,0.2630537692742201
452.2128851540616,0.2972206037995732
452.312925170068,0.2868302718632832
452.4129651860744,0.31369356113481545
452.5130052020808,0.28656537332487836
452.6130452180872,0.22911333675169623
452.7130852340936,0.26685858860289874
452.81312525010003,0.239350050022528
452.91316526610643,0.2558107822661583
453.01320528211284,0.30666577366932823
453.11324529811924,0.284940428096589
453.21328531412564,0.25164557702367935
453.31332533013205,0.2438923928731942
453.41336534613845,0.27017110249118115
453.51340536214485,0.23905350286796528
453.61344537815125,0.25280468886025914
453.71348539415766,0.2774988539995925
453.81352541016406,0.29869657121775817
453.91356542617046,0.28514769138149865
454.01360544217687,0.212761031748322
454.11364545818327,0.27776678267528093
454.2136854741897,0.2720725283399301
454.3137254901961,0.2807327497530529
454.4137655062025,0.31090426679856553
454.5138055222089,0.21903132798576538
454.6138455382153,0.2559476869180947
454.7138855542217,0.2856106452386519
454.8139255702281,0.2314105682701703
454.9139655862345,0.3079613215023452
455.0140056022409,0.28038340311207177
455.1140456182473,0.29245070487776204
455.2140856342537,0.25712385557108924
455.3141256502601,0.29185260517509487
455.4141656662665,0.2983310910830878
455.5142056822729,0.2775517648883577
455.6142456982793,0.27770007135389824
455.7142857142857,0.27870858662797077
455.8143257302921,0.2504760521052645
455.91436574629853,0.2684808657764923
456.01440576230493,0.26846513902576
456.11444577831134,0.2819718885134592
456.21448579431774,0.297491207177373
456.31452581032414,0.24614047710933795
456.41456582633054,0.26958665013322297
456.51460584233695,0.3098559794196748
456.61464585834335,0.25433731747809324
456.71468587434975,0.25247792240052713
456.81472589035616,0.2781986939603764
456.91476590636256,0.2943572514915517
457.01480592236896,0.27363957145416373
457.11484593837537,0.3066839484729246
457.21488595438177,0.29498551177668303
457.3149259703882,0.294716606783832
457.4149659863946,0.2876291744894904
457.515006002401,0.33207245980513805
457.6150460184074,0.26885667346210707
457.7150860344138,0.2240019543707705
457.8151260504202,0.3143003788570162
457.91516606642654,0.26285525390872855
458.015206082433,0.27709818193297714
458.11524609843934,0.307243079929499
458.2152861144458,0.23455067667293417
458.31532613045215,0.24341854721438239
458.4153661464586,0.2347800510536401
458.51540616246496,0.2550605732656109
458.6154461784714,0.28600658539685514
458.71548619447776,0.288221764320351
458.8155262104842,0.28212502859051714
458.91556622649057,0.23999984030357474
459.015606242497,0.21766692179998687
459.1156462585034,0.276878574274243
459.2156862745098,0.2638252669207866
459.3157262905162,0.2872039509677232
459.4157663065226,0.2933674916288276
459.515806322529,0.27937373605570653
459.6158463385354,0.2950197812514762
459.7158863545418,0.281845196516548
459.8159263705482,0.28946469163832167
459.9159663865546,0.25869410765586515
460.016006402561,0.2719182221149808
460.1160464185674,0.2814251807257148
460.2160864345738,0.297115963272589
460.3161264505802,0.2668558970051439
460.4161664665866,0.2898249840922468
460.516206482593,0.27024591037510415
460.6162464985994,0.27404910417340883
460.7162865146058,0.2978211129265815
460.81632653061223,0.2273518060833506
460.91636654661863,0.24486138523698212
461.01640656262504,0.240313135810868
461.11644657863144,0.21912164392373495
461.21648659463784,0.26059941059242014
461.31652661064425,0.29638554191010236
461.41656662665065,0.2706209633655715
461.51660664265705,0.2827808851153617
461.61664665866346,0.30515933560802333
461.71668667466986,0.31121351335292397
461.81672669067626,0.27638506991985506
461.91676670668267,0.31204501981055854
462.01680672268907,0.280600089015252
462.1168467386955,0.2574532123022577
462.2168867547019,0.26361909946018763
462.3169267707083,0.24155633050759828
462.4169667867147,0.25645672639248934
462.5170068027211,0.2697996789762966
462.6170468187275,0.2989294388063489
462.7170868347339,0.32194846962184265
462.8171268507403,0.2444637895343462
462.9171668667467,0.2889278104373147
463.0172068827531,0.25318201398309387
463.1172468987595,0.2911512205097172
463.2172869147659,0.27609449966017213
463.3173269307723,0.23368658439428036
463.4173669467787,0.30275391011993164
463.5174069627851,0.264508413673695
463.6174469787915,0.2663725622690321
463.7174869947979,0.2530625849526991
463.8175270108043,0.2635353302998149
463.91756702681073,0.29067537989784326
464.01760704281713,0.2753324064103783
464.11764705882354,0.288365150145005
464.21768707482994,0.28928142040468013
464.31772709083634,0.3133343779436081
464.41776710684275,0.2718323335317799
464.51780712284915,0.24356438060043117
464.61784713885555,0.3072499128479668
464.71788715486196,0.2723653619634959
464.81792717086836,0.3086002783616022
464.91796718687476,0.2904024829383198
465.01800720288117,0.2776218913295418
465.11804721888757,0.28970168776241484
465.21808723489397,0.3298392513308617
465.3181272509004,0.3330697833019244
465.4181672669068,0.2829608167773871
465.5182072829132,0.2853117568778426
465.6182472989196,0.30829338469910533
465.718287314926,0.2603259284843679
465.8183273309324,0.28987397173815843
465.9183673469388,0.28098008367809646
466.0184073629452,0.2895534867123377
466.1184473789516,0.2609503716830403
466.218487394958,0.24212389852663677
466.3185274109644,0.23011667737624636
466.41856742697075,0.25408452102699797
466.5186074429772,0.27062978523555453
466.61864745898356,0.27484410390684727
466.71868747499,0.33068158133229264
466.81872749099637,0.30997722748251
466.9187675070028,0.2583513883372652
467.0188075230092,0.2911723324012819
467.11884753901563,0.2723783016467935
467.218887555022,0.2755214794821531
467.31892757102844,0.287338715751526
467.4189675870348,0.29825953252482007
467.5190076030412,0.2743731533874691
467.6190476190476,0.3095249452880429
467.719087635054,0.2544539232059681
467.8191276510604,0.28323425751951953
467.9191676670668,0.34809070624635663
468.0192076830732,0.28879861859974143
468.1192476990796,0.31912442929776624
468.219287715086,0.2856541921481184
468.3193277310924,0.2979574154203222
468.4193677470988,0.28208988762472115
468.5194077631052,0.2793204363317472
468.6194477791116,0.2641644030751874
468.719487795118,0.2944795126858173
468.81952781112443,0.26250374311942914
468.91956782713083,0.3005016761479248
469.01960784313724,0.3110637708338834
469.11964785914364,0.293164109318384
469.21968787515004,0.27691351198842074
469.31972789115645,0.29548745362073636
469.41976790716285,0.27648974902924794
469.51980792316925,0.3076631921545825
469.61984793917566,0.23855697768638617
469.71988795518206,0.27601923839261966
469.81992797118846,0.2347060924102034
469.91996798719487,0.24716651797576125
470.02000800320127,0.31870591753451305
470.1200480192077,0.3070549858775748
470.2200880352141,0.2667540313861242
470.3201280512205,0.24724380293012135
470.4201680672269,0.21075819659568074
470.5202080832333,0.27134873402904885
470.6202480992397,0.3455108770742904
470.7202881152461,0.2959366643332163
470.8203281312525,0.27113898179701756
470.9203681472589,0.2968187010984829
471.0204081632653,0.24623081935055693
471.1204481792717,0.277884451717426
471.2204881952781,0.2878669054106516
471.3205282112845,0.2832895601796557
471.4205682272909,0.3052740123981346
471.5206082432973,0.29418144778716143
471.6206482593037,0.30233460016057007
471.7206882753101,0.2684779499391563
471.8207282913165,0.3081931241145594
471.92076830732293,0.32653131904110966
472.02080832332933,0.2616139882594698
472.12084833933574,0.2637348401320144
472.22088835534214,0.3193810195033931
472.32092837134854,0.2812616652200732
472.42096838735495,0.3211993276305596
472.52100840336135,0.2750986020529124
472.62104841936775,0.3225960102913363
472.72108843537416,0.2895645662879043
472.82112845138056,0.2927903653213643
472.92116846738696,0.32550949297904913
473.02120848339337,0.27740385197248796
473.12124849939977,0.2629763067005212
473.2212885154062,0.2753461727558928
473.3213285314126,0.29792421920034784
473.421368547419,0.24752715968160954
473.5214085634254,0.30266284863557974
473.6214485794318,0.27331140620317174
473.7214885954382,0.3155302921898778
473.8215286114446,0.22703242799570375
473.921568627451,0.267278424573853
474.0216086434574,0.24483417186089096
474.1216486594638,0.2663931190031241
474.2216886754702,0.2932931565164365
474.3217286914766,0.2826731699634558
474.421768707483,0.28087139625263846
474.5218087234894,0.28327788681795363
474.6218487394958,0.2923935609800417
474.7218887555022,0.26214647350318887
474.8219287715086,0.3050818083784355
474.921968787515,0.30402758263126156
475.02200880352143,0.297136921037338
475.1220488195278,0.30147402109751686
475.22208883553424,0.29502052069275325
475.3221288515406,0.33853596210079906
475.42216886754704,0.28553050734023183
475.5222088835534,0.28007918647676117
475.62224889955985,0.26896615599252244
475.7222889155662,0.2620455305669538
475.82232893157266,0.25678772775345776
475.922368947579,0.2657266880281385
476.02240896358546,0.28622638306024717
476.1224489795918,0.2963972159103776
476.2224889955982,0.28936450764107924
476.3225290116046,0.268993366135702
476.422569027611,0.31068182751548584
476.5226090436174,0.3067076690526351
476.6226490596238,0.28427595691614665
476.7226890756302,0.27198874691067143
476.82272909163663,0.30206650808784513
476.92276910764303,0.2930989829561613
477.02280912364944,0.2522399686981835
477.12284913965584,0.2867868244643538
477.22288915566224,0.2950800806679567
477.32292917166865,0.26607934408630635
477.42296918767505,0.2933600008933141
477.52300920368145,0.2522852302701548
477.62304921968786,0.3221019953030012
477.72308923569426,0.3199373169713509
477.82312925170066,0.2824665327423872
477.92316926770707,0.297906397588481
478.02320928371347,0.22861223740467657
478.1232492997199,0.2599915168946761
478.2232893157263,0.28159533177610857
478.3233293317327,0.26217575023496814
478.4233693477391,0.30687793352707654
478.5234093637455,0.33898905521109796
478.6234493797519,0.25967956932130287
478.7234893957583,0.26819632254888015
478.8235294117647,0.2950567622805133
478.9235694277711,0.329485777385889
479.0236094437775,0.2586855117431643
479.1236494597839,0.29550744388663314
479.2236894757903,0.3348503588696757
479.3237294917967,0.24805993127505296
479.4237695078031,0.2573628779127315
479.5238095238095,0.27883481686786216
479.6238495398159,0.27644532161432184
479.7238895558223,0.30980979011899334
479.8239295718287,0.2955706531181882
479.92396958783513,0.24518918716479338
480.02400960384153,0.3024822537274491
480.12404961984794,0.2751919530689043
480.22408963585434,0.3215247140085019
480.32412965186074,0.2740066303786967
480.42416966786715,0.27381339892999085
480.52420968387355,0.30328921065230874
480.62424969987995,0.3088658991180705
480.72428971588636,0.3010267152870241
480.82432973189276,0.24771546998584376
480.92436974789916,0.3033371134073747
481.02440976390557,0.2640590785194915
481.12444977991197,0.2958288880759704
481.2244897959184,0.2543835081108096
481.3245298119248,0.3011644847930043
481.4245698279312,0.2698706991716412
481.5246098439376,0.2579987249337293
481.624649859944,0.3079386929216258
481.7246898759504,0.29616257995422535
481.8247298919568,0.27480000354127493
481.9247699079632,0.3264565309067177
482.0248099239696,0.2791880648712161
482.124849939976,0.2910340627986658
482.2248899559824,0.29698088267805955
482.3249299719888,0.2747927538580701
482.4249699879952,0.3020888456532957
482.5250100040016,0.2769998463239561
482.625050020008,0.2800705944087636
482.7250900360144,0.32445269689782597
482.8251300520208,0.26439673920975165
482.9251700680272,0.23011632325676404
483.02521008403363,0.3307333790093312
483.12525010004003,0.3542169573614119
483.22529011604644,0.28037551334455313
483.32533013205284,0.2421094626389565
483.42537014805924,0.2827911653817769
483.52541016406565,0.2834202248537905
483.625450180072,0.2858499192963539
483.72549019607845,0.26278521415910866
483.8255302120848,0.30513052723792666
483.92557022809126,0.30377545157221225
484.0256102440976,0.25332358771787417
484.12565026010407,0.3081843390450254
484.2256902761104,0.34204215904392027
484.3257302921169,0.29504542068956197
484.4257703081232,0.2823388337871132
484.5258103241297,0.2872641205056132
484.625850340136,0.30629619242591916
484.7258903561425,0.2479322017115493
484.82593037214883,0.2961165182869343
484.9259703881553,0.284404117167329
485.02601040416164,0.3456704633507932
485.12605042016804,0.3070400564275957
485.22609043617445,0.37743124072547385
485.32613045218085,0.35320864392498064
485.42617046818725,0.470886607167214
485.52621048419365,0.5776247781393339
485.62625050020006,0.7002136110047794
485.72629051620646,0.9066182487464066
485.82633053221286,1.1162251536394496
485.92637054821927,1.2310278599414743
486.02641056422567,1.285775849727007
486.1264505802321,1.3308585538298592
486.2264905962385,1.225432000426625
486.3265306122449,1.0897980240582363
486.4265706282513,0.9136038533799681
486.5266106442577,0.6915770480736879
486.6266506602641,0.5390382898063975
486.7266906762705,0.47521502273777116
486.8267306922769,0.3722120801091165
486.9267707082833,0.27427648525532256
487.0268107242897,0.3325278106097837
487.1268507402961,0.3071622517688313
487.2268907563025,0.27689304416116645
487.3269307723089,0.25953910595372126
487.4269707883153,0.3125152447904839
487.5270108043217,0.3000760547549456
487.6270508203281,0.35082814655316386
487.7270908363345,0.30175213481442914
487.82713085234093,0.30094265466349823
487.92717086834733,0.28708417968195943
488.02721088435374,0.3116849705247697
488.12725090036014,0.3069008602226233
488.22729091636654,0.3225747611324676
488.32733093237294,0.2782561748525857
488.42737094837935,0.28041137124017357
488.52741096438575,0.2793259863310699
488.62745098039215,0.3110803136011643
488.72749099639856,0.3287760342973661
488.82753101240496,0.27985176178219706
488.92757102841136,0.2807092301981352
489.02761104441777,0.2991860020940131
489.12765106042417,0.28519523128725344
489.2276910764306,0.3151455069585754
489.327731092437,0.23505433012794516
489.4277711084434,0.2706854332757819
489.5278111244498,0.27179664882043786
489.6278511404562,0.23335185562206956
489.7278911564626,0.2672731950046667
489.827931172469,0.2684883552006912
489.9279711884754,0.2863424459009206
490.0280112044818,0.3191967162922932
490.1280512204882,0.285248262415931
490.2280912364946,0.26560634873244904
490.328131252501,0.28995444499406015
490.4281712685074,0.3176089699826883
490.5282112845138,0.2669816845009853
490.6282513005202,0.2686170131982476
490.7282913165266,0.3053455450084739
490.828331332533,0.2858435596066846
490.92837134853943,0.30756892739152714
491.02841136454583,0.2910401945131409
491.12845138055224,0.3089222166671882
491.22849139655864,0.26550264115824085
491.32853141256504,0.2910761540883201
491.42857142857144,0.2861094045716469
491.5286114445778,0.2609774750466018
491.62865146058425,0.2522856017409783
491.7286914765906,0.3085137881046718
491.82873149259706,0.28259347437806626
491.9287715086034,0.26580720895999477
492.02881152460986,0.2889563854364265
492.1288515406162,0.3195576843783239
492.22889155662267,0.2343348325605642
492.328931572629,0.25393308930353453
492.4289715886355,0.2682723859091231
492.5290116046418,0.3278692220245276
492.6290516206483,0.2983993417719842
492.72909163665463,0.31051222894566405
492.8291316526611,0.26281962003627757
492.92917166866744,0.2633293060129911
493.0292116846739,0.3025068209503466
493.12925170068024,0.29276182715990234
493.2292917166867,0.30501664639090104
493.32933173269305,0.28659932482156275
493.4293717486995,0.2982373335407759
493.52941176470586,0.2952290758646105
493.6294517807123,0.3107123598806985
493.72949179671866,0.31143517713618724
493.82953181272507,0.25075468415987556
493.92957182873147,0.23506100354431964
494.0296118447379,0.3162773057336512
494.1296518607443,0.3209174719273481
494.2296918767507,0.2656991638351623
494.3297318927571,0.2447089702974372
494.4297719087635,0.29367056402462866
494.5298119247699,0.31445520958854545
494.6298519407763,0.33611340030687864
494.7298919567827,0.3040699832469071
494.8299319727891,0.28185835710865603
494.9299719887955,0.26881146394390404
495.0300120048019,0.2914141916197925
495.1300520208083,0.28363419696489006
495.2300920368147,0.2657267480497561
495.3301320528211,0.34230969450217774
495.4301720688275,0.3357070977386214
495.5302120848339,0.3194659166647004
495.6302521008403,0.2680299794687544
495.7302921168467,0.3124129908273737
495.83033213285313,0.307014165251978
495.93037214885953,0.3020728724259024
496.03041216486594,0.3222363203401104
496.13045218087234,0.30686415464317474
496.23049219687874,0.30946515048095896
496.33053221288515,0.3068721017853104
496.43057222889155,0.2994536121887178
496.53061224489795,0.24632766372972256
496.63065226090436,0.2929923171264356
496.73069227691076,0.2769805732138305
496.83073229291716,0.2588726645560224
496.93077230892357,0.33289715515454066
497.03081232492997,0.3340594097793141
497.13085234093637,0.32479756380915087
497.2308923569428,0.2971796432786245
497.3309323729492,0.3245469320009822
497.4309723889556,0.29106436723236184
497.531012404962,0.29581444155800807
497.6310524209684,0.26338893603038216
497.7310924369748,0.30063145286104986
497.8311324529812,0.2921970082804036
497.9311724689876,0.2581014874011264
498.031212484994,0.28936803377828235
498.1312525010004,0.2886346352991509
498.2312925170068,0.3355465585264865
498.3313325330132,0.31294226025579897
498.4313725490196,0.2908522039976071
498.531412565026,0.2967646356165349
498.6314525810324,0.2916288916302903
498.7314925970388,0.28542910690221185
498.8315326130452,0.2634193965553765
498.93157262905163,0.28668164572886995
499.03161264505803,0.2717830992321483
499.13165266106444,0.2591550275468093
499.23169267707084,0.3031705697406264
499.33173269307724,0.3001484978136154
499.43177270908365,0.24567579964845265
499.53181272509005,0.28725272739144647
499.63185274109645,0.3151884842531134
499.73189275710286,0.3167524003392947
499.83193277310926,0.315893336790664
499.93197278911566,0.2911956069410147
500.032012805122,0.2690717574274418
500.13205282112847,0.2630802872211264
500.2320928371348,0.29876250183644165
500.3321328531413,0.29960375603960565
500.4321728691476,0.3222791642015826
500.5322128851541,0.3175692647891685
500.6322529011604,0.2867377007466688
500.7322929171669,0.25891167095190865
500.83233293317323,0.28201231152175404
500.9323729491797,0.29539367322894233
501.03241296518604,0.2848834881535697
501.1324529811925,0.27546065216584703
501.23249299719885,0.2962023211052266
501.3325330132053,0.2772532139784187
501.43257302921165,0.2741222237605292
501.5326130452181,0.2975816772482123
501.63265306122446,0.27971678526299343
501.7326930772309,0.29584021634850305
501.83273309323727,0.2965384781809126
501.9327731092437,0.26119318834307825
502.0328131252501,0.2776181864590532
502.13285314125653,0.32556370531476997
502.2328931572629,0.26053712798871786
502.3329331732693,0.23664235595717828
502.4329731892757,0.24298195776589882
502.5330132052821,0.29022497337695075
502.6330532212885,0.2902390641397647
502.7330932372949,0.28649453830324584
502.8331332533013,0.31975800360007806
502.9331732693077,0.22255061659177366
503.0332132853141,0.29923781584538234
503.1332533013205,0.3283431882879042
503.2332933173269,0.2610802517436761
503.3333333333333,0.2797469197331909
503.4333733493397,0.2703868709737173
503.5334133653461,0.2668173795210652
503.6334533813525,0.28098611838745985
503.7334933973589,0.32479621519785773
503.83353341336533,0.3350099420213583
503.93357342937173,0.2806427646571651
504.03361344537814,0.3366334995910223
504.13365346138454,0.2898619346159885
504.23369347739094,0.33278010699686134
504.33373349339735,0.2865704546040321
504.43377350940375,0.2921442375844963
504.53381352541015,0.29796930710497427
504.63385354141656,0.36826822359366784
504.73389355742296,0.31004324096539176
504.83393357342936,0.2710434926954631
504.93397358943577,0.3129138421190391
505.03401360544217,0.2796066571253285
505.1340536214486,0.276372077648839
505.234093637455,0.3112940150742229
505.3341336534614,0.2893190575230879
505.4341736694678,0.29546904105128347
505.5342136854742,0.28881678841576963
505.6342537014806,0.2968440407507925
505.734293717487,0.2990157054905657
505.8343337334934,0.23992927167684341
505.9343737494998,0.3049794408403745
506.0344137655062,0.2637261106726033
506.1344537815126,0.25218038345858623
506.234493797519,0.28673864079140565
506.3345338135254,0.2902593020989106
506.4345738295318,0.2707827738462526
506.5346138455382,0.30885667189323024
506.6346538615446,0.2544867410614793
506.734693877551,0.27782756928235414
506.8347338935574,0.2733391511560498
506.93477390956383,0.28675596378212814
507.03481392557023,0.2948516938899374
507.13485394157664,0.26264200522823056
507.23489395758304,0.30590543980384155
507.33493397358944,0.28933227842123005
507.43497398959585,0.2404172124171717
507.53501400560225,0.23870953621530872
507.63505402160865,0.28732459806350447
507.73509403761506,0.28206646103949445
507.83513405362146,0.2849630109293817
507.93517406962786,0.28680662908011284
508.03521408563427,0.29310267090019576
508.13525410164067,0.3111122080281706
508.2352941176471,0.2596004473365566
508.3353341336535,0.25803569208163896
508.4353741496599,0.25995860822944145
508.5354141656663,0.2944711556183339
508.6354541816727,0.31832826992155
508.73549419767903,0.27637725903474925
508.8355342136855,0.22457422220799
508.93557422969184,0.24447268462220478
509.0356142456983,0.26620219131714207
509.13565426170464,0.2730403064947017
509.2356942777111,0.2767290491640833
509.33573429371745,0.28785834672603805
509.4357743097239,0.2790550326055662
509.53581432573026,0.3130368725602113
509.6358543417367,0.2698574610497919
509.73589435774306,0.2651542768551247
509.8359343737495,0.2986382679919492
509.93597438975587,0.2482293037876543
510.03601440576233,0.29631644728028206
510.1360544217687,0.2890916072426234
510.23609443777514,0.2827951630819509
510.3361344537815,0.3261414011563048
510.43617446978794,0.2708324117505051
510.5362144857943,0.3378479786007279
510.63625450180075,0.2806574924043637
510.7362945178071,0.25432045044557916
510.8363345338135,0.28794626346284313
510.9363745498199,0.25924438652894444
511.0364145658263,0.267308693970142
511.1364545818327,0.2959803281242592
511.2364945978391,0.2998957859299197
511.3365346138455,0.2704036127314501
511.4365746298519,0.31059433962675564
511.5366146458583,0.3147981457582203
511.6366546618647,0.3217190723801835
511.7366946778711,0.29899777696231333
511.83673469387753,0.3197989103737229
511.93677470988393,0.23864382093998932
512.0368147258904,0.27766654608406993
512.1368547418967,0.2638893464584621
512.2368947579032,0.288495233182777
512.3369347739095,0.27117830650025054
512.436974789916,0.28126038361208355
512.5370148059224,0.33241833752050365
512.6370548219288,0.2810704504535042
512.7370948379352,0.2956075779578083
512.8371348539415,0.27940520708207456
512.937174869948,0.2870537892932384
513.0372148859544,0.2852602381565418
513.1372549019608,0.2962666349599001
513.2372949179671,0.3141397828054547
513.3373349339736,0.3261403552332338
513.43737494998,0.29264426881755207
513.5374149659864,0.29959055182902855
513.6374549819927,0.2560282321210183
513.7374949979992,0.28255074456075613
513.8375350140057,0.308202571946663
513.937575030012,0.30629207825752686
514.0376150460183,0.2898804881959439
514.1376550620248,0.3066973328892078
514.2376950780313,0.296753747933467
514.3377350940376,0.31443919109925367
514.437775110044,0.29161232696840883
514.5378151260504,0.27543256336765337
514.6378551420569,0.2926675865477629
514.7378951580632,0.21095309109614663
514.8379351740696,0.29373635161723327
514.937975190076,0.19290000848720745
515.0380152060824,0.240969728886075
515.1380552220888,0.29529637894197663
515.2380952380952,0.29588611294202055
515.3381352541016,0.25483274219555374
515.438175270108,0.266036360290818
515.5382152861145,0.31804775399624086
515.6382553021208,0.2716286630944176
515.7382953181273,0.3397474813128702
515.8383353341336,0.2835714051661875
515.9383753501401,0.2937651056427478
516.0384153661464,0.3239307335002489
516.1384553821529,0.28672909721230344
516.2384953981592,0.25833923987420154
516.3385354141657,0.2805989483601668
516.438575430172,0.28239603754962295
516.5386154461785,0.2491118128567477
516.6386554621848,0.2767784783570064
516.7386954781913,0.264563282407426
516.8387354941976,0.30617071280973546
516.9387755102041,0.2838706302319636
517.0388155262104,0.2758788853902403
517.1388555422169,0.280237558709967
517.2388955582232,0.28841336827894476
517.3389355742297,0.2981987675135606
517.438975590236,0.2577285862399312
517.5390156062425,0.256624566183807
517.6390556222489,0.3102239889098328
517.7390956382553,0.27224122560420083
517.8391356542617,0.24707112221534763
517.9391756702681,0.2935299085003928
518.0392156862745,0.2939611421458742
518.1392557022809,0.24405121266657673
518.2392957182873,0.2879982258421085
518.3393357342937,0.30059274176011325
518.4393757503001,0.29150470075496043
518.5394157663065,0.29788634597177516
518.6394557823129,0.24692174612782963
518.7394957983194,0.29024603832952356
518.8395358143257,0.27434599840062884
518.9395758303322,0.269783094297226
519.0396158463385,0.30355799321173194
519.139655862345,0.31871712017552556
519.2396958783513,0.32653556381705384
519.3397358943578,0.3144874657842327
519.4397759103641,0.27881477339256205
519.5398159263706,0.2903168942297214
519.6398559423769,0.30061012834604367
519.7398959583834,0.2844095767513237
519.8399359743897,0.28458971014822243
519.9399759903962,0.30185481803807224
520.0400160064025,0.27971921563609187
520.140056022409,0.2629093090742646
520.2400960384153,0.27071976608307025
520.3401360544218,0.2968693728641055
520.4401760704282,0.2810363777376627
520.5402160864346,0.28940663916077675
520.640256102441,0.29759312822014317
520.7402961184474,0.27140978206410654
520.8403361344538,0.2996266091457135
520.9403761504602,0.2901309724090324
521.0404161664666,0.24972899916947994
521.140456182473,0.3165962827972947
521.2404961984794,0.2679592996590247
521.3405362144858,0.23903970937348978
521.4405762304922,0.25423009528407986
521.5406162464985,0.25476907535407745
521.640656262505,0.28153847586832903
521.7406962785115,0.2733267418851599
521.8407362945178,0.27169099095393734
521.9407763105241,0.29554304981112367
522.0408163265306,0.2884860210503373
522.1408563425371,0.2878288968604154
522.2408963585434,0.2901119022392246
522.3409363745498,0.2952079767668442
522.4409763905562,0.2270441252439702
522.5410164065627,0.27057028157658136
522.641056422569,0.22511419665181137
522.7410964385754,0.280459089014379
522.8411364545818,0.2793798422327573
522.9411764705883,0.3055719831301477
523.0412164865946,0.3090624807436827
523.141256502601,0.28437887765605435
523.2412965186074,0.26673829181391107
523.3413365346139,0.2913141015532365
523.4413765506202,0.26592482640609805
523.5414165666266,0.2790255841792717
523.641456582633,0.3036513819602387
523.7414965986394,0.2649912053207268
523.8415366146459,0.29901491216828985
523.9415766306522,0.2957453808234369
524.0416166466587,0.2548778957189764
524.141656662665,0.303032333936551
524.2416966786715,0.2960863749130081
524.3417366946778,0.2811075458958029
524.4417767106843,0.25943844250058223
524.5418167266906,0.25695345745597886
524.6418567426971,0.26492907211889943
524.7418967587034,0.2918724773200098
524.8419367747099,0.2543539172475606
524.9419767907162,0.28911923576554244
525.0420168067227,0.2470743777924066
525.142056822729,0.2729533421392728
525.2420968387355,0.2807329965470883
525.3421368547419,0.3390567583637478
525.4421768707483,0.2434322724516293
525.5422168867547,0.3146021450782177
525.6422569027611,0.281484417242413
525.7422969187675,0.28795419064715205
525.8423369347739,0.28057008708987774
525.9423769507803,0.2886660179503343
526.0424169667867,0.27364214073632115
526.1424569827931,0.31377190726944526
526.2424969987995,0.26594522298112666
526.3425370148059,0.3055991801397305
526.4425770308123,0.2611204184021496
526.5426170468187,0.2756595480726181
526.6426570628252,0.25030299643301424
526.7426970788315,0.28841383836877704
526.842737094838,0.31310254944527893
526.9427771108443,0.27497662216108054
527.0428171268508,0.27192448222643956
527.1428571428571,0.248917271488443
527.2428971588636,0.27098642386204647
527.3429371748699,0.23683490303929372
527.4429771908764,0.25376880482296565
527.5430172068827,0.2821963771609571
527.6430572228892,0.3094380049594965
527.7430972388955,0.3466288739768094
527.843137254902,0.2616698821038995
527.9431772709083,0.3121529002181801
528.0432172869148,0.2823000766026715
528.1432573029211,0.2723609238663675
528.2432973189276,0.28689280985512944
528.343337334934,0.2775616781983557
528.4433773509404,0.278709461741486
528.5434173669468,0.26567702790891423
528.6434573829532,0.24086839067983543
528.7434973989596,0.2371662650571624
528.843537414966,0.2920237688312916
528.9435774309724,0.2687108857433524
529.0436174469788,0.26066189730114714
529.1436574629852,0.27571248374221935
529.2436974789916,0.295308865096934
529.343737494998,0.27988036640176256
529.4437775110044,0.2589055977481911
529.5438175270108,0.3058999936135488
529.6438575430172,0.31465800200895544
529.7438975590236,0.2874779726175696
529.84393757503,0.2993913338402158
529.9439775910364,0.30603443475516034
530.0440176070429,0.303173606413278
530.1440576230492,0.290209292423543
530.2440976390556,0.2897511804234307
530.344137655062,0.28771971252336365
530.4441776710685,0.2472304538954993
530.5442176870748,0.29211767681046197
530.6442577030812,0.2406399562348816
530.7442977190876,0.2546060331871769
530.8443377350941,0.30699586767480425
530.9443777511004,0.2953479747570928
531.0444177671068,0.31146316687158543
531.1444577831132,0.26742209914017545
531.2444977991197,0.24534349790014523
531.344537815126,0.2680745612352795
531.4445778311324,0.27657205878667385
531.5446178471389,0.27593179335470364
531.6446578631453,0.30223490133574904
531.7446978791517,0.26479695842549783
531.844737895158,0.28256542722544525
531.9447779111645,0.248984750703106
532.0448179271709,0.2848942439601073
532.1448579431773,0.27364992782761505
532.2448979591836,0.2547628031060647
532.3449379751901,0.2675483463574044
532.4449779911964,0.2687756528878666
532.5450180072029,0.26656215767846125
532.6450580232092,0.31753558048349917
532.7450980392157,0.27072693796921504
532.845138055222,0.2670267498889748
532.9451780712285,0.22062397026703404
533.0452180872348,0.25064117984983547
533.1452581032413,0.26635567628864765
533.2452981192476,0.2557223729853828
533.3453381352541,0.30734758838306037
533.4453781512605,0.26861769442141603
533.5454181672669,0.30488851782543036
533.6454581832733,0.27415633368762393
533.7454981992797,0.27348075437755076
533.8455382152861,0.27026652322033873
533.9455782312925,0.2725177528937694
534.0456182472989,0.3153291710416554
534.1456582633053,0.21430551525874747
534.2456982793117,0.2221936663061607
534.3457382953181,0.25858960558502386
534.4457783113245,0.2724686807357567
534.545818327331,0.28929474344045836
534.6458583433373,0.2838060046404522
534.7458983593438,0.26230941239639244
534.8459383753501,0.29732843266383735
534.9459783913566,0.2975440510368898
535.0460184073629,0.2763274838008055
535.1460584233694,0.29572939675219423
535.2460984393757,0.2784160567309038
535.3461384553822,0.2574998663882904
535.4461784713885,0.2889194300765213
535.546218487395,0.2741764552633458
535.6462585034013,0.27138179344118324
535.7462985194078,0.3081093595485479
535.8463385354141,0.20995099382136767
535.9463785514206,0.23571802431260458
536.0464185674269,0.241420755100263
536.1464585834334,0.26195344334492177
536.2464985994397,0.2646072565657269
536.3465386154462,0.23322687931175806
536.4465786314526,0.24621868873376868
536.546618647459,0.2492642768714464
536.6466586634654,0.33215866160477125
536.7466986794718,0.31570441055753334
536.8467386954782,0.26030499199215534
536.9467787114846,0.2614470746727331
537.046818727491,0.2417445513382985
537.1468587434974,0.22270945103167472
537.2468987595038,0.2674288334677812
537.3469387755102,0.2453427328981134
537.4469787915166,0.26810603203800837
537.547018807523,0.23016048136597392
537.6470588235294,0.2510546687214302
537.7470988395359,0.2737581813853981
537.8471388555422,0.2791362899188907
537.9471788715487,0.2803564679728519
538.047218887555,0.2368461373990522
538.1472589035615,0.2911642731332298
538.2472989195678,0.24973068112875027
538.3473389355743,0.2854963417683159
538.4473789515806,0.2693479249500574
538.547418967587,0.23514328086101208
538.6474589835934,0.26158718161233496
538.7474989995999,0.278565453989555
538.8475390156062,0.28469481238819544
538.9475790316126,0.2657853800102801
539.047619047619,0.3075440323169135
539.1476590636255,0.29437689587055244
539.2476990796318,0.26271242507078246
539.3477390956382,0.2878215604116634
539.4477791116446,0.31735317600897184
539.5478191276511,0.31796036521371485
539.6478591436575,0.23818825293185872
539.7478991596638,0.24566501127402718
539.8479391756703,0.3058914880622026
539.9479791916767,0.24225176260155706
540.0480192076831,0.23558562305322017
540.1480592236894,0.25643475356130163
540.2480992396959,0.27903582383427966
540.3481392557023,0.26591088242049976
540.4481792717087,0.25214744917730403
540.548219287715,0.25149706425210083
540.6482593037215,0.2504848826907784
540.7482993197278,0.24624660037983243
540.8483393357343,0.3252162940031559
540.9483793517406,0.27555447989518117
541.0484193677471,0.2902270114780715
541.1484593837534,0.2557725322634726
541.2484993997599,0.26329208861849507
541.3485394157663,0.25004379621508366
541.4485794317727,0.20153168208249478
541.5486194477791,0.23331600862993374
541.6486594637855,0.22244272992052513
541.7486994797919,0.21140566599625624
541.8487394957983,0.23770845765069423
541.9487795118047,0.3006586044749767
542.0488195278111,0.26636619857951455
542.1488595438175,0.29968369779055126
542.2488995598239,0.27763678067256203
542.3489395758303,0.28686891184505414
542.4489795918367,0.24472535458289094
542.5490196078431,0.28028950577050044
542.6490596238496,0.2853516552792885
542.7490996398559,0.2526608005686817
542.8491396558624,0.28100879239520293
542.9491796718687,0.28111839502950337
543.0492196878752,0.25316842202319023
543.1492597038815,0.23878168265190175
543.249299719888,0.23719146135835142
543.3493397358943,0.26890120555886377
543.4493797519008,0.2748578331104667
543.5494197679071,0.24681358290008362
543.6494597839136,0.2672356282213718
543.7494997999199,0.280778811238248
543.8495398159264,0.28191466933083353
543.9495798319327,0.3052015469414721
544.0496198479392,0.2982738344232763
544.1496598639455,0.241261925544907
544.249699879952,0.3083288932721737
544.3497398959584,0.2529099818719142
544.4497799119648,0.29225150188814647
544.5498199279712,0.2677747658135831
544.6498599439776,0.2557169166355152
544.749899959984,0.22077391373980373
544.8499399759904,0.2616230406710129
544.9499799919968,0.2268735256423402
545.0500200080032,0.28998667627612795
545.1500600240096,0.30367023726923376
545.250100040016,0.24577400902262486
545.3501400560224,0.27319255353276634
545.4501800720288,0.2474551372805077
545.5502200880352,0.2498245874289804
545.6502601040416,0.2848459944649448
545.750300120048,0.26446723318464904
545.8503401360545,0.3088690961590856
545.9503801520608,0.25326943188093975
546.0504201680673,0.2902561450945072
546.1504601840736,0.2676557100747765
546.2505002000801,0.2850626088331196
546.3505402160864,0.25393714770069054
546.4505802320929,0.2638251962793684
546.5506202480992,0.2621249216925412
546.6506602641057,0.2440593414649968
546.750700280112,0.2814613333964959
546.8507402961185,0.28111419673109317
546.9507803121248,0.27964566721578166
547.0508203281313,0.3031799219611342
547.1508603441376,0.30093853475816346
547.250900360144,0.25528058576331947
547.3509403761504,0.2739299542438806
547.4509803921569,0.24896322813792704
547.5510204081633,0.2650868839918985
547.6510604241696,0.24945917803314993
547.7511004401761,0.30490474343189666
547.8511404561825,0.27344566999128944
547.9511804721889,0.2588528784614304
548.0512204881952,0.2940946221078349
548.1512605042017,0.20993948524262346
548.2513005202081,0.21380318063197923
548.3513405362145,0.2840027500502222
548.4513805522208,0.2655696969974533
548.5514205682273,0.2702705101918259
548.6514605842337,0.23080098256510337
548.7515006002401,0.2633317412161635
548.8515406162464,0.3139521852666707
548.9515806322529,0.2844214745025051
549.0516206482594,0.2680113504194327
549.1516606642657,0.2527447114029218
549.251700680272,0.25380928060268354
549.3517406962785,0.21039636858885044
549.451780712285,0.2700202122318425
549.5518207282913,0.2846693380749184
549.6518607442977,0.22409500939391538
549.7519007603041,0.2469034768228056
549.8519407763106,0.23445586501823434
549.9519807923169,0.2392124585716245
550.0520208083233,0.2646372134407886
550.1520608243297,0.21114423071955057
550.2521008403361,0.27856533565638447
550.3521408563425,0.28200942061026313
550.4521808723489,0.2568401281673599
550.5522208883554,0.20105480974609075
550.6522609043617,0.2381170678718119
550.7523009203682,0.29380527507555587
550.8523409363745,0.19348824585555613
550.952380952381,0.25420557744260036
551.0524209683873,0.2333493876540306
551.1524609843938,0.282919594288425
551.2525010004001,0.245883603611827
551.3525410164066,0.2728166054011098
551.4525810324129,0.27681075539560235
551.5526210484194,0.3085365692737513
551.6526610644257,0.2575142421457945
551.7527010804322,0.27194595728951143
551.8527410964385,0.22537570899560314
551.952781112445,0.29221987435247987
552.0528211284513,0.24340444549256915
552.1528611444578,0.24835613689904204
552.2529011604641,0.2617768140727732
552.3529411764706,0.2232191126407983
552.452981192477,0.2679688794653822
552.5530212084834,0.28639488891917697
552.6530612244898,0.26949037767026107
552.7531012404962,0.22240359034327042
552.8531412565026,0.2589899925761759
552.953181272509,0.28059534185937024
553.0532212885154,0.21505449409038063
553.1532613045218,0.23509485719167278
553.2533013205282,0.28383759301680844
553.3533413365346,0.2686365859629074
553.453381352541,0.27214388940373313
553.5534213685474,0.30829257306529934
553.6534613845538,0.27347982937360543
553.7535014005603,0.2781742219489468
553.8535414165666,0.32945687711385474
553.9535814325731,0.25630454842002587
554.0536214485794,0.24166422363814563
554.1536614645859,0.2722680406806596
554.2537014805922,0.27250995281505924
554.3537414965987,0.24832954771624627
554.453781512605,0.2356499722563224
554.5538215286115,0.31916868403876975
554.6538615446178,0.26955654721215927
554.7539015606242,0.24304142481982344
554.8539415766306,0.2842101284608852
554.9539815926371,0.25854676701887536
555.0540216086434,0.25491709861561723
555.1540616246498,0.27525991030361874
555.2541016406562,0.22887020100184052
555.3541416566627,0.26994732317850473
555.454181672669,0.30892011551749554
555.5542216886754,0.2727155066912902
555.6542617046819,0.25162080061852365
555.7543017206883,0.24831372823803932
555.8543417366947,0.25069833760213106
555.954381752701,0.2545734670136575
556.0544217687075,0.2514432887059696
556.1544617847139,0.28376237782994174
556.2545018007203,0.21749072640436518
556.3545418167266,0.2823375405132337
556.4545818327331,0.25126218516117965
556.5546218487395,0.2701450764172308
556.6546618647459,0.23251394263120004
556.7547018807522,0.2938719014712484
556.8547418967587,0.291764709694815
556.9547819127652,0.2845815368739388
557.0548219287715,0.22269107019477327
557.1548619447778,0.28125636071417554
557.2549019607843,0.2706183346316818
557.3549419767908,0.22033402958608475
557.4549819927971,0.2598274599771988
557.5550220088035,0.2695175717490633
557.6550620248099,0.2742756381246091
557.7551020408164,0.2647750696700362
557.8551420568227,0.2675943332518206
557.9551820728291,0.2971240787419677
558.0552220888355,0.29090512221083087
558.155262104842,0.18854861621815938
558.2553021208483,0.2522599775115912
558.3553421368547,0.25605085337985595
558.4553821528611,0.21633608944636187
558.5554221688676,0.2624647925686928
558.655462184874,0.2913010610639302
558.7555022008803,0.2328900598353379
558.8555422168868,0.2684366589307043
558.9555822328931,0.2371036678706312
559.0556222488996,0.24317431438421205
559.1556622649059,0.2968800574675739
559.2557022809124,0.246354614840011
559.3557422969187,0.27144745901634976
559.4557823129252,0.21308552368107733
559.5558223289315,0.30639798937469076
559.655862344938,0.2748806798408619
559.7559023609443,0.25522643616495466
559.8559423769508,0.2741524043503151
559.9559823929571,0.2244933116812793
560.0560224089636,0.28927736880144006
560.15606242497,0.2515900313812783
560.2561024409764,0.2545637116703601
560.3561424569828,0.2473501068235046
560.4561824729892,0.2451015092576006
560.5562224889956,0.2769611068253775
560.656262505002,0.26596881067578604
560.7563025210084,0.27584189212506544
560.8563425370148,0.25930562239411165
560.9563825530212,0.27233303841799367
561.0564225690276,0.24900963111333926
561.156462585034,0.3152022059676619
561.2565026010404,0.2202389639810723
561.3565426170468,0.29093922676459405
561.4565826330532,0.29359230463523917
561.5566226490596,0.23806972889943248
561.656662665066,0.31508487656305073
561.7567026810724,0.2842198877700486
561.8567426970789,0.2835909579863007
561.9567827130852,0.2599931479059922
562.0568227290917,0.25384230855594797
562.156862745098,0.2540183705519787
562.2569027611045,0.2689977448549076
562.3569427771108,0.2942452861089031
562.4569827931173,0.26372989509557215
562.5570228091236,0.23639262117695656
562.6570628251301,0.2797713226701249
562.7571028411364,0.282171611930487
562.8571428571429,0.27549179200103263
562.9571828731492,0.27774550088323435
563.0572228891556,0.2523178138572786
563.157262905162,0.23584954183254572
563.2573029211685,0.23735295469831513
563.3573429371748,0.21815499480364636
563.4573829531812,0.2649493434928553
563.5574229691877,0.2569237279899546
563.6574629851941,0.24799484203784952
563.7575030012005,0.1850889193715718
563.8575430172068,0.22778157734796606
563.9575830332133,0.28697092379672273
564.0576230492197,0.24231992077057607
564.1576630652261,0.2679362963390551
564.2577030812324,0.22414057316227376
564.3577430972389,0.294861821894558
564.4577831132453,0.25528024118717546
564.5578231292517,0.2661189628995593
564.657863145258,0.31699974104409984
564.7579031612645,0.29675381549450236
564.857943177271,0.2511665131636535
564.9579831932773,0.24398826428147893
565.0580232092836,0.25066853381975235
565.1580632252901,0.2715432810247542
565.2581032412966,0.2561541631635188
565.3581432573029,0.24889288110250032
565.4581832733093,0.29544301120069455
565.5582232893157,0.2558980053359641
565.6582633053222,0.31623303063805275
565.7583033213285,0.2610021965618391
565.8583433373349,0.3033572004414353
565.9583833533413,0.2676481137186152
566.0584233693478,0.28278030997746834
566.1584633853541,0.24058246726483465
566.2585034013605,0.23734549178432313
566.358543417367,0.27017413138652596
566.4585834333734,0.2833876055747678
566.5586234493798,0.25967276137659673
566.6586634653861,0.2264993725437292
566.7587034813926,0.22464588710562036
566.858743497399,0.22296736026272004
566.9587835134054,0.21444892572328192
567.0588235294117,0.2613706053972576
567.1588635454182,0.2867538474107487
567.2589035614246,0.2582869181999505
567.358943577431,0.2021067934457701
567.4589835934373,0.25384328682885304
567.5590236094438,0.2545377462796482
567.6590636254501,0.31100340015563954
567.7591036414566,0.22217098157154838
567.8591436574629,0.2488287755554334
567.9591836734694,0.3012386075302396
568.0592236894757,0.26983861305347323
568.1592637054822,0.2726691349021496
568.2593037214885,0.26144836250741893
568.359343737495,0.2668300739685292
568.4593837535014,0.2780197485091959
568.5594237695078,0.23834066828469802
568.6594637855142,0.2805278984115678
568.7595038015206,0.2242502582956588
568.859543817527,0.2667837253322511
568.9595838335334,0.2630425353172688
569.0596238495398,0.24316646259679747
569.1596638655462,0.2580067302382523
569.2597038815526,0.24301072478591398
569.359743897559,0.23178235647919376
569.4597839135654,0.24973547712885855
569.5598239295718,0.2309773811744909
569.6598639455782,0.26664858082024645
569.7599039615847,0.2298283501888021
569.859943977591,0.2763820530012403
569.9599839935975,0.22904808756242392
570.0600240096038,0.24443042554437197
570.1600640256103,0.2429757451271582
570.2601040416166,0.2917228285623203
570.3601440576231,0.2668550374794944
570.4601840736294,0.253308371143828
570.5602240896359,0.27107392884883436
570.6602641056422,0.20593066037392024
570.7603041216487,0.2575369555433036
570.860344137655,0.3085582763179256
570.9603841536615,0.2619345118494401
571.0604241696678,0.26032940682757305
571.1604641856743,0.27234081695261375
571.2605042016806,0.28103407022127996
571.3605442176871,0.20871390566360531
571.4605842336935,0.21659934731353056
571.5606242496999,0.2639220308849226
571.6606642657063,0.24080037703631244
571.7607042817126,0.29148076868878026
571.8607442977191,0.2508089273537878
571.9607843137255,0.2103334729358997
572.0608243297319,0.22700515223519407
572.1608643457382,0.1899726634299485
572.2609043617447,0.2528707945245156
572.3609443777511,0.25402400441442097
572.4609843937575,0.2481320204241053
572.5610244097638,0.28572585097731235
572.6610644257703,0.28872746433230817
572.7611044417768,0.25451565816032307
572.8611444577831,0.2054192346087522
572.9611844737894,0.27423013090313025
573.0612244897959,0.2726939200569682
573.1612645058024,0.2665568347219493
573.2613045218087,0.28337147880438657
573.3613445378151,0.22972653105072607
573.4613845538215,0.3090791755988608
573.561424569828,0.23488796399105388
573.6614645858343,0.2776179075678269
573.7615046018407,0.21671762858543173
573.8615446178471,0.2356590006061151
573.9615846338536,0.2968394413740925
574.0616246498599,0.252422647914336
574.1616646658663,0.27995843805315457
574.2617046818727,0.26489979851460427
574.3617446978792,0.25636781248640583
574.4617847138855,0.29310418909665376
574.5618247298919,0.25310793721769653
574.6618647458984,0.21452274455333653
574.7619047619048,0.23897729717131888
574.8619447779112,0.2728555080035325
574.9619847939175,0.2689811711154955
575.062024809924,0.21993502948936716
575.1620648259304,0.2410212789284974
575.2621048419368,0.24460547849041164
575.3621448579431,0.2500307570688143
575.4621848739496,0.22478895655582198
575.562224889956,0.2434971328160348
575.6622649059624,0.24101107778307365
575.7623049219687,0.278534916197363
575.8623449379752,0.27949517790329487
575.9623849539815,0.25564275997869146
576.062424969988,0.2495082189517639
576.1624649859943,0.26282883041789323
576.2625050020008,0.2389381702826031
576.3625450180072,0.23070388808092185
576.4625850340136,0.2358916191198749
576.56262505002,0.243549596718602
576.6626650660264,0.23035617478748688
576.7627050820328,0.2635179204327858
576.8627450980392,0.2777330529016265
576.9627851140456,0.21983675127958424
577.062825130052,0.2601667926763226
577.1628651460584,0.2540648646741067
577.2629051620648,0.26812598012447525
577.3629451780712,0.25929011618858244
577.4629851940776,0.2232992449745995
577.563025210084,0.22810545545894728
577.6630652260905,0.2604270578498123
577.7631052420968,0.2854375917499094
577.8631452581033,0.2043903047338866
577.9631852741096,0.2684153939050178
578.0632252901161,0.2895403402746173
578.1632653061224,0.2560020244856377
578.2633053221289,0.27361093573660894
578.3633453381352,0.24230766913369478
578.4633853541417,0.2569290850450748
578.563425370148,0.21941956716381905
578.6634653861545,0.20136330889962697
578.7635054021608,0.2835708446911111
578.8635454181673,0.23540695624468053
578.9635854341736,0.24867408497944912
579.0636254501801,0.2254319984888238
579.1636654661864,0.22487490816606415
579.2637054821929,0.25580962652452244
579.3637454981993,0.24194787997034028
579.4637855142057,0.2696686482328967
579.5638255302121,0.27156522002597216
579.6638655462185,0.2683057099312703
579.7639055622249,0.26628252086268384
579.8639455782313,0.2997950617625187
579.9639855942377,0.23369469133242426
580.064025610244,0.2590451663258779
580.1640656262505,0.2887701095502848
580.2641056422569,0.29210100908924663
580.3641456582633,0.22497839632840952
580.4641856742696,0.25274889923750793
580.5642256902761,0.29454643452339785
580.6642657062825,0.27333133085306555
580.7643057222889,0.26554719946999744
580.8643457382952,0.25526010128292376
580.9643857543017,0.25114411499743644
581.0644257703082,0.2679818589313092
581.1644657863145,0.25450459824031685
581.2645058023209,0.2597873797483743
581.3645458183273,0.2628550318346646
581.4645858343338,0.24397681997091344
581.5646258503401,0.2742707117196648
581.6646658663465,0.33386278805140795
581.7647058823529,0.21662152569372228
581.8647458983594,0.2691863500707177
581.9647859143657,0.2421214555759571
582.0648259303721,0.27560176867170605
582.1648659463785,0.2623714632038555
582.264905962385,0.2802950436284385
582.3649459783913,0.2906778124390812
582.4649859943977,0.2661424756316393
582.5650260104042,0.28967538053810893
582.6650660264106,0.20280907766709935
582.765106042417,0.30122061024935237
582.8651460584233,0.270878960553137
582.9651860744298,0.28849192082507863
583.0652260904362,0.23109269976111305
583.1652661064426,0.24086442911897316
583.2653061224489,0.26532654266444067
583.3653461384554,0.26129687364969856
583.4653861544618,0.26884459761947044
583.5654261704682,0.28892615048283254
583.6654661864745,0.21772847865949035
583.765506202481,0.2862505049947584
583.8655462184875,0.2621584442203259
583.9655862344938,0.2569035448524381
584.0656262505001,0.2252672320968911
584.1656662665066,0.2746686779331804
584.2657062825131,0.20178743992833997
584.3657462985194,0.27839798819771067
584.4657863145258,0.22493382049130395
584.5658263305322,0.26362156941753023
584.6658663465386,0.25935488266658846
584.765906362545,0.2916218660620358
584.8659463785514,0.257966668722263
584.9659863945578,0.24512954627805061
585.0660264105642,0.24986823205812703
585.1660664265706,0.29440598461644224
585.266106442577,0.27604228235207784
585.3661464585834,0.253045378089097
585.4661864745898,0.25682656342432647
585.5662264905963,0.22361021992075453
585.6662665066026,0.2725537538291978
585.766306522609,0.2188990956145598
585.8663465386154,0.2817423849919173
585.9663865546219,0.26621670573966044
586.0664265706282,0.3227308678997123
586.1664665866347,0.235618291484542
586.266506602641,0.2606532639486872
586.3665466186475,0.3083929542704269
586.4665866346538,0.29380700661421466
586.5666266506603,0.24824009679856282
586.6666666666666,0.27543498823632145
586.7667066826731,0.27967411288231264
586.8667466986794,0.30712426790509934
586.9667867146859,0.32058200235877143
587.0668267306922,0.3980868726512671
587.1668667466987,0.44978248379849417
587.266906762705,0.6039581107205343
587.3669467787115,0.7273278850053281
587.4669867947179,0.8053870413597309
587.5670268107243,0.8201359295495203
587.6670668267307,0.8747902886377265
587.7671068427371,0.7919906830745953
587.8671468587435,0.6598180708613399
587.9671868747499,0.55462657373723
588.0672268907563,0.4193759340278327
588.1672669067627,0.35108768250774675
588.2673069227691,0.3100198715169308
588.3673469387755,0.32311843805256457
588.4673869547819,0.26042054845931123
588.5674269707883,0.28511083920664976
588.6674669867947,0.25270048184844934
588.767507002801,0.271321246760557
588.8675470188075,0.261291798406231
588.967587034814,0.28661124356191126
589.0676270508203,0.251450376913555
589.1676670668267,0.2255646383848685
589.2677070828331,0.23039173113490377
589.3677470988396,0.2517075638380312
589.4677871148459,0.23384258560246346
589.5678271308523,0.27538933047861436
589.6678671468587,0.2535551009671417
589.7679071628652,0.3246300684683128
589.8679471788715,0.22188796325098747
589.9679871948779,0.2704879045701442
590.0680272108843,0.2372648199059064
590.1680672268908,0.2531955056570053
590.2681072428971,0.2691332428170313
590.3681472589035,0.20753101143202482
590.46818727491,0.27165381140423195
590.5682272909164,0.31337403043654877
590.6682673069228,0.2545338943817494
590.7683073229291,0.27243387863743523
590.8683473389356,0.2916308771831528
590.968387354942,0.2619784720971403
591.0684273709484,0.25162310157346146
591.1684673869547,0.20932381466720276
591.2685074029612,0.28231243283898316
591.3685474189676,0.2635292161582851
591.468587434974,0.24111241294828442
591.5686274509803,0.26966583093341506
591.6686674669868,0.2519806291371034
591.7687074829932,0.25343403042013174
591.8687474989996,0.28187432882153113
591.9687875150059,0.23333017625397862
592.0688275310124,0.29304562551946634
592.1688675470189,0.2319939161446986
592.2689075630252,0.25044218170288973
592.3689475790316,0.3151573380935998
592.468987595038,0.2953418380585749
592.5690276110445,0.26967267385264776
592.6690676270508,0.24379424272179273
592.7691076430572,0.25415093335374006
592.8691476590636,0.26929018543458116
592.96918767507,0.2684722633552479
593.0692276910764,0.2653386074997752
593.1692677070828,0.266916084084963
593.2693077230892,0.2624043531775915
593.3693477390956,0.2317914140798144
593.469387755102,0.2550055828131741
593.5694277711084,0.29086173873477905
593.6694677871149,0.23386588285893334
593.7695078031212,0.2634137720870913
593.8695478191277,0.24773754766740433
593.969587835134,0.27109420883136665
594.0696278511405,0.258673986740931
594.1696678671468,0.3054043417848364
594.2697078831533,0.2812140783874271
594.3697478991596,0.23583473499484917
594.4697879151661,0.2854911440231377
594.5698279311724,0.2494250916565922
594.6698679471789,0.25444773759324174
594.7699079631852,0.27679969542386734
594.8699479791917,0.25674242144263637
594.969987995198,0.2914397030695083
595.0700280112045,0.24983807029707866
595.1700680272108,0.25380998537607236
595.2701080432173,0.25295751712253123
595.3701480592237,0.2553092736665842
595.4701880752301,0.2970137965490906
595.5702280912365,0.28533799238060475
595.6702681072429,0.312451073087376
595.7703081232493,0.32647828006726853
595.8703481392557,0.2441042611568432
595.9703881552621,0.2717179880904726
596.0704281712685,0.24063813562169992
596.1704681872749,0.2506889393619748
596.2705082032813,0.2544632789110943
596.3705482192877,0.2438730337237173
596.4705882352941,0.24409159716372933
596.5706282513005,0.26686885213044154
596.670668267307,0.24014549263567797
596.7707082833133,0.29170442716416656
596.8707482993198,0.24779552312051772
596.9707883153261,0.341067002147263
597.0708283313326,0.2596318906146188
597.1708683473389,0.27280597426930464
597.2709083633454,0.23871134196243696
597.3709483793517,0.31383681057882507
597.4709883953581,0.2992619850723618
597.5710284113645,0.27878762229622356
597.671068427371,0.2377852250040087
597.7711084433773,0.276812829251206
597.8711484593837,0.24360155479744292
597.9711884753901,0.3082876908934667
598.0712284913966,0.2920504603419887
598.1712685074029,0.2742986547859548
598.2713085234093,0.21109567771607882
598.3713485394157,0.24751236365352725
598.4713885554222,0.28938478823334524
598.5714285714286,0.3026061517092651
598.6714685874349,0.3001069064722354
598.7715086034414,0.23267123983749596
598.8715486194478,0.28010457785378856
598.9715886354542,0.2980481571058214
599.0716286514605,0.23129669492137728
599.171668667467,0.2726525790347875
599.2717086834734,0.279791659857656
599.3717486994798,0.265522193011433
599.4717887154861,0.22683326835879958
599.5718287314926,0.265091168106081
599.671868747499,0.2651475898403615
599.7719087635054,0.26972531846598674
599.8719487795117,0.25943754378810363
599.9719887955182,0.2625465239123923
600.0720288115247,0.2727269660922137
600.172068827531,0.2848790803800354
600.2721088435374,0.26630543459398676
600.3721488595438,0.2637735647753606
600.4721888755503,0.2764226187720484
600.5722288915566,0.22619014461141085
600.672268907563,0.28623849059212986
600.7723089235694,0.2743983989408369
600.8723489395759,0.27550497238884164
600.9723889555822,0.29863144325668933
601.0724289715886,0.22589344173446652
601.172468987595,0.22546902031955565
601.2725090036015,0.28176129252418763
601.3725490196078,0.2748398961634828
601.4725890356142,0.27937415367604573
601.5726290516207,0.26366875675149226
601.672669067627,0.29193326957503296
601.7727090836335,0.29874318300701724
601.8727490996398,0.2876298431881321
601.9727891156463,0.2691129375467951
602.0728291316526,0.22304506630877355
602.1728691476591,0.29507214657878184
602.2729091636654,0.306488686357991
602.3729491796719,0.2921639458299552
602.4729891956782,0.25416372773185963
602.5730292116847,0.29310473775375534
602.673069227691,0.29787849626752766
602.7731092436975,0.31544132112807044
602.8731492597038,0.25467411344558943
602.9731892757103,0.27102172835256444
603.0732292917166,0.2954714099970825
603.1732693077231,0.27833166013266847
603.2733093237294,0.24907030133566338
603.3733493397359,0.28747626449866276
603.4733893557423,0.2916850466817384
603.5734293717487,0.2795255087145001
603.6734693877551,0.2829242714889744
603.7735094037615,0.27107549382855195
603.8735494197679,0.31460888840507156
603.9735894357743,0.25524366416107863
604.0736294517807,0.2631872830444836
604.1736694677871,0.278254552444828
604.2737094837935,0.30006365643874466
604.3737494997999,0.24076564579082763
604.4737895158063,0.24555300326200233
604.5738295318127,0.22747793344802064
604.6738695478191,0.2793495275843332
604.7739095638256,0.25068577851261287
604.8739495798319,0.2691412238598086
604.9739895958384,0.29540125920002536
605.0740296118447,0.2629403389456761
605.1740696278512,0.28487333420918354
605.2741096438575,0.2717204862755547
605.374149659864,0.29611971531722636
605.4741896758703,0.29130825522179443
605.5742296918768,0.2622451793436832
605.6742697078831,0.2754409677163078
605.7743097238895,0.30586485737034114
605.8743497398959,0.28971997560963786
605.9743897559024,0.24507605386040798
606.0744297719087,0.2965053777821072
606.1744697879151,0.2531147506088783
606.2745098039215,0.3156582012724885
606.374549819928,0.30606347177608484
606.4745898359344,0.28782403130154194
606.5746298519407,0.28462387594176275
606.6746698679472,0.2755836751958479
606.7747098839536,0.2978892728680796
606.87474989996,0.2717736775342423
606.9747899159663,0.2870496008788087
607.0748299319728,0.3030761997230886
607.1748699479792,0.2673504269733398
607.2749099639856,0.2661087850638355
607.3749499799919,0.2517727419928722
607.4749899959984,0.2551385976928349
607.5750300120048,0.23615933222280933
607.6750700280112,0.3002339941630372
607.7751100440175,0.3273304576204272
607.875150060024,0.3178603969215677
607.9751900760305,0.24169489945305753
608.0752300920368,0.3005884752885927
608.1752701080432,0.31814012200328745
608.2753101240496,0.27128782584216626
608.3753501400561,0.28536513000551883
608.4753901560624,0.2327527430421651
608.5754301720688,0.28973985419817794
608.6754701880752,0.2566040924798381
608.7755102040817,0.28830585132581626
608.875550220088,0.24440704684384246
608.9755902360944,0.297130972800016
609.0756302521008,0.30929498404092304
609.1756702681073,0.26422557266385255
609.2757102841136,0.25550515821181163
609.37575030012,0.2301510511150427
609.4757903161264,0.27751494355047596
609.5758303321329,0.2697593379591412
609.6758703481393,0.24564785450794838
609.7759103641456,0.2958732107059094
609.8759503801521,0.27342313210624614
609.9759903961584,0.2579038898050798
610.0760304121649,0.27105812240040833
610.1760704281712,0.3118304358229837
610.2761104441777,0.30024688117430676
610.376150460184,0.2820486860782452
610.4761904761905,0.30090308729744747
610.5762304921968,0.2565290307093581
610.6762705082033,0.286487692859739
610.7763105242096,0.2894883516398673
610.8763505402161,0.2741864753872755
610.9763905562224,0.2969461822769282
611.0764305722289,0.266676463714688
611.1764705882352,0.2990606337689476
611.2765106042417,0.3002396405119344
611.376550620248,0.2136424678731635
611.4765906362545,0.31645763902363244
611.5766306522609,0.2106379510842779
611.6766706682673,0.27155654495497766
611.7767106842737,0.3127207127743812
611.8767507002801,0.27928432041173357
611.9767907162865,0.25069155025831963
612.0768307322929,0.2601327185550003
612.1768707482993,0.3132789673816635
612.2769107643057,0.23969912177865588
612.3769507803121,0.31609215592135825
612.4769907963185,0.2866207006537228
612.5770308123249,0.2583194753181609
612.6770708283314,0.27368281727561466
612.7771108443377,0.2629616504497883
612.8771508603442,0.3101796826169226
612.9771908763505,0.30696676951356916
613.077230892357,0.2458092949826081
613.1772709083633,0.27883099614071455
613.2773109243698,0.26747385935981083
613.3773509403761,0.32152417730965943
613.4773909563826,0.25556710201247546
613.5774309723889,0.32955868345875483
613.6774709883954,0.2887541865572325
613.7775110044017,0.2606720167338879
613.8775510204082,0.2729225661014565
613.9775910364145,0.26994821476438224
614.077631052421,0.2582577114004531
614.1776710684273,0.2926285485066221
614.2777110844338,0.2596949130120002
614.3777511004402,0.23601878983653185
614.4777911164465,0.28117139437378996
614.577831132453,0.24572747944165338
614.6778711484594,0.27213065727562397
614.7779111644658,0.26834311710478387
614.8779511804721,0.2694265128765993
614.9779911964786,0.3413674318849167
615.078031212485,0.29289029679683054
615.1780712284914,0.29775114901163713
615.2781112444977,0.24734399473457813
615.3781512605042,0.2755421636345645
615.4781912765106,0.2974113083193711
615.578231292517,0.26655323039164924
615.6782713085233,0.31500594427794587
615.7783113245298,0.26237508713174873
615.8783513405363,0.2854216848658507
615.9783913565426,0.2780680909186963
616.078431372549,0.2969661485074181
616.1784713885554,0.27698483605554297
616.2785114045619,0.28636390800189937
616.3785514205682,0.28737236148039086
616.4785914365746,0.2750554884757184
616.578631452581,0.30568230056648815
616.6786714685875,0.2996546367432035
616.7787114845938,0.29161975359889236
616.8787515006002,0.2832140193548261
616.9787915166066,0.31402965378054293
617.0788315326131,0.28836097137355254
617.1788715486194,0.28673036810837343
617.2789115646258,0.29715622152702476
617.3789515806322,0.3370950052258973
617.4789915966387,0.2613129964726155
617.579031612645,0.3142100829228726
617.6790716286514,0.24777633514121467
617.7791116446579,0.30067959060481886
617.8791516606643,0.3347671729648523
617.9791916766707,0.30774934840620144
618.079231692677,0.29994098691644044
618.1792717086835,0.28180703877245983
618.2793117246899,0.2967375611665683
618.3793517406963,0.2898031057928242
618.4793917567026,0.2765987446028762
618.5794317727091,0.2891449408736604
618.6794717887154,0.3014952188065717
618.7795118047219,0.27749930791238886
618.8795518207282,0.2766669194794835
618.9795918367347,0.2629622941942648
619.079631852741,0.30688110491909376
619.1796718687475,0.31089084317149196
619.2797118847539,0.3031942375321252
619.3797519007603,0.3216771352210994
619.4797919167667,0.299889891202181
619.5798319327731,0.3076389811985552
619.6798719487795,0.3055803302314538
619.7799119647859,0.29584175948644
619.8799519807923,0.2850057574222743
619.9799919967987,0.35377633866168423
620.0800320128051,0.28727014511373483
620.1800720288115,0.2820685485896884
620.2801120448179,0.3097124833372111
620.3801520608243,0.3053055183519907
620.4801920768307,0.2640364625417576
620.5802320928372,0.3273704731091842
620.6802721088435,0.2970960893305936
620.78031212485,0.2718252839635676
620.8803521408563,0.329465941695455
620.9803921568628,0.31553617468355266
621.0804321728691,0.26842885041634473
621.1804721888756,0.34462025350581843
621.2805122048819,0.31680906565301886
621.3805522208884,0.3002328433537389
621.4805922368947,0.34039199623592314
621.5806322529012,0.30476791478579884
621.6806722689075,0.3002325008426118
621.780712284914,0.284576344975769
621.8807523009203,0.3157795408301995
621.9807923169268,0.31329794700474867
622.0808323329331,0.30189962948245025
622.1808723489396,0.28193287967670855
622.280912364946,0.3050808559742725
622.3809523809524,0.3002378688139238
622.4809923969588,0.2687963662499275
622.5810324129652,0.2654884572979645
622.6810724289716,0.31656329769533825
622.7811124449779,0.2375381069515536
622.8811524609844,0.3078715832395828
622.9811924769908,0.2909354016693362
623.0812324929972,0.3357449533164578
623.1812725090035,0.2908535441030208
623.28131252501,0.3198289662029486
623.3813525410164,0.29357077582788405
623.4813925570228,0.30648923537435085
623.5814325730291,0.3222185023223403
623.6814725890356,0.2923859006535144
623.781512605042,0.3290160163517004
623.8815526210484,0.27941219331849043
623.9815926370547,0.3117721018091174
624.0816326530612,0.3276260579675648
624.1816726690677,0.3212139291594803
624.281712685074,0.3527771827233748
624.3817527010804,0.2859332879440163
624.4817927170868,0.27069388995334576
624.5818327330933,0.2804677333292565
624.6818727490996,0.32199080360888865
624.781912765106,0.31808157895796574
624.8819527811124,0.30834382515339576
624.9819927971189,0.27786752155173355
625.0820328131252,0.3252673044362472
625.1820728291316,0.2756323113408542
625.282112845138,0.33537811252410876
625.3821528611445,0.37799490837611505
625.4821928771509,0.31587493309101133
625.5822328931572,0.32144619538817437
625.6822729091637,0.2947019654289162
625.7823129251701,0.2619232235058746
625.8823529411765,0.29226579770773814
625.9823929571828,0.2801667535156774
626.0824329731893,0.2714694995410802
626.1824729891957,0.3508592176967317
626.2825130052021,0.31477751221733535
626.3825530212084,0.3176039929627273
626.4825930372149,0.30054222169435113
626.5826330532213,0.304102103470594
626.6826730692277,0.332693868758979
626.782713085234,0.30792801550318294
626.8827531012405,0.3221602534163744
626.982793117247,0.3041493778728433
627.0828331332533,0.3006523613913238
627.1828731492596,0.2741901449761385
627.2829131652661,0.2600762042569739
627.3829531812725,0.3031379303594194
627.4829931972789,0.3112465567514091
627.5830332132853,0.27783816371960396
627.6830732292917,0.30928693094119764
627.7831132452981,0.31165011643838575
627.8831532613045,0.2565637129974312
627.9831932773109,0.28774351755695843
628.0832332933173,0.32096106151220694
628.1832733093237,0.3206138708776454
628.2833133253301,0.28225357567407533
628.3833533413365,0.3152148023727161
628.483393357343,0.3369720399718038
628.5834333733493,0.3309970463572652
628.6834733893558,0.3093465446838366
628.7835134053621,0.3001878515487717
628.8835534213686,0.2963123194553812
628.9835934373749,0.32390019958985466
629.0836334533814,0.3172411781820665
629.1836734693877,0.32825765233612825
629.2837134853942,0.31597846944525304
629.3837535014005,0.3333098925222011
629.483793517407,0.31536487355465853
629.5838335334133,0.3327766405295979
629.6838735494198,0.33508944931614565
629.7839135654261,0.29336526587303585
629.8839535814326,0.26843447527471676
629.9839935974389,0.3523851350152186
630.0840336134454,0.3203741105052046
630.1840736294517,0.27125541402959796
630.2841136454582,0.2964320828253427
630.3841536614646,0.33373452516448565
630.484193677471,0.3076059325376561
630.5842336934774,0.3019565902550185
630.6842737094838,0.3499405307283794
630.7843137254902,0.28889674920261604
630.8843537414966,0.295285621816956
630.984393757503,0.3206847288897814
631.0844337735094,0.32532213401829463
631.1844737895158,0.328130111825282
631.2845138055222,0.3386633429723997
631.3845538215286,0.32100779300271565
631.4845938375349,0.3284389404165714
631.5846338535414,0.30988520284079774
631.6846738695479,0.3180940613008479
631.7847138855542,0.31937620372514974
631.8847539015605,0.32222662332209817
631.984793917567,0.3363240601086356
632.0848339335735,0.33105067533985155
632.1848739495798,0.3184389992051092
632.2849139655862,0.29726703690856005
632.3849539815926,0.319348651029556
632.4849939975991,0.3171181777356534
632.5850340136054,0.3228099834547584
632.6850740296118,0.3733054661472467
632.7851140456182,0.3052099705084902
632.8851540616247,0.32902353803291734
632.985194077631,0.34533995198309275
633.0852340936374,0.3212406001505414
633.1852741096438,0.3773988956062068
633.2853141256503,0.30966406307862304
633.3853541416566,0.3273796151739573
633.485394157663,0.29946964081909155
633.5854341736695,0.31081412555158777
633.6854741896759,0.325988109923527
633.7855142056823,0.3410849397803432
633.8855542216886,0.32806734203831794
633.9855942376951,0.35173053137219046
634.0856342537015,0.31804127139063126
634.1856742697079,0.31227398907069925
634.2857142857142,0.3883406813831117
634.3857543017207,0.33075989862304767
634.4857943177271,0.3030798738025838
634.5858343337335,0.3038733239174207
634.6858743497398,0.29782597516536996
634.7859143657463,0.3449703105900875
634.8859543817528,0.31260979572246383
634.9859943977591,0.32506648804918686
635.0860344137654,0.3204579532470091
635.1860744297719,0.3404962691688753
635.2861144457784,0.3012036894974492
635.3861544617847,0.2956463605762409
635.4861944777911,0.32830651845459735
635.5862344937975,0.3378865271463323
635.6862745098039,0.3313393523918138
635.7863145258103,0.302953240227134
635.8863545418167,0.34029028182427656
635.9863945578231,0.30492025241151616
636.0864345738295,0.31064196085760687
636.1864745898359,0.30024527589067523
636.2865146058423,0.35653679447094794
636.3865546218487,0.34000712981179615
636.4865946378551,0.33946021406589677
636.5866346538616,0.3556794855171822
636.6866746698679,0.3949792825064429
636.7867146858744,0.2820962800817548
636.8867547018807,0.3065314286735705
636.9867947178872,0.3097504048136185
637.0868347338935,0.3040482573566989
637.1868747499,0.2985431590693442
637.2869147659063,0.31815543141497893
637.3869547819128,0.29539570737347154
637.4869947979191,0.3343509252343646
637.5870348139256,0.327431412491016
637.6870748299319,0.33832878117099646
637.7871148459384,0.33916040669460656
637.8871548619447,0.34170651741394076
637.9871948779512,0.317460292222755
638.0872348939575,0.37998828823214786
638.187274909964,0.3329846856264639
638.2873149259703,0.2807260095391834
638.3873549419768,0.302392970510331
638.4873949579832,0.2841040394546456
638.5874349739896,0.32821424322791415
638.687474989996,0.32490002257617995
638.7875150060024,0.316398797834555
638.8875550220088,0.37854689068918973
638.9875950380152,0.3421626168872184
639.0876350540216,0.34675481985285306
639.187675070028,0.3054898470910491
639.2877150860344,0.3039523922369049
639.3877551020408,0.33001548805196373
639.4877951180472,0.3335848700100473
639.5878351340536,0.2830162472409458
639.68787515006,0.32508070876948725
639.7879151660665,0.33010453642229914
639.8879551820728,0.32453835636968376
639.9879951980793,0.3097466765884984
640.0880352140856,0.316757408017979
640.188075230092,0.32598865674711064
640.2881152460984,0.3328444836146414
640.3881552621049,0.34585861550962715
640.4881952781112,0.3579245695406255
640.5882352941176,0.32370880441522343
640.688275310124,0.3198279193687174
640.7883153261305,0.3423375356259387
640.8883553421368,0.3468315780278114
640.9883953581432,0.32086974649626987
641.0884353741496,0.35164888640867914
641.1884753901561,0.356542964183208
641.2885154061624,0.3645097615450698
641.3885554221688,0.37683987896701066
641.4885954381753,0.3108856954407717
641.5886354541817,0.3330577820284679
641.6886754701881,0.333156481445119
641.7887154861944,0.3305868954645102
641.8887555022009,0.3169713398166217
641.9887955182073,0.29622802240338375
642.0888355342137,0.3358481989279065
642.18887555022,0.3144864412649008
642.2889155662265,0.3360092684999298
642.3889555822329,0.3141724194856318
642.4889955982393,0.3066961028162632
642.5890356142456,0.3402090498618382
642.6890756302521,0.3382886334369645
642.7891156462586,0.34916162305732473
642.8891556622649,0.3894901196043367
642.9891956782712,0.34193968762505905
643.0892356942777,0.3472983887230091
643.1892757102842,0.30839617689672966
643.2893157262905,0.3033263591173042
643.3893557422969,0.3752335848227967
643.4893957583033,0.3127396252587419
643.5894357743098,0.3098917557255073
643.6894757903161,0.3351765879594459
643.7895158063225,0.33406291892677814
643.8895558223289,0.31391869873671774
643.9895958383354,0.3290206260036059
644.0896358543417,0.36754290649548055
644.1896758703481,0.3168221914978142
644.2897158863545,0.3022936979281664
644.3897559023609,0.36086378810592595
644.4897959183673,0.3497697662287938
644.5898359343737,0.32211273113558175
644.6898759503802,0.2982348309187157
644.7899159663865,0.31933668760409645
644.889955982393,0.3367478803848925
644.9899959983993,0.3674204670173561
645.0900360144058,0.3125272416112879
645.1900760304121,0.33649187198258906
645.2901160464186,0.3556465144560121
645.3901560624249,0.27939919337151253
645.4901960784314,0.36493845904376043
645.5902360944377,0.30969541664322564
645.6902761104442,0.3477193915982692
645.7903161264505,0.34574935260435413
645.890356142457,0.36685964862056103
645.9903961584633,0.35368075777312763
646.0904361744698,0.28063798890106817
646.1904761904761,0.320613315565871
646.2905162064826,0.34385041221667023
646.390556222489,0.33568321483669095
646.4905962384954,0.3526603480908822
646.5906362545018,0.3606165505285538
646.6906762705082,0.35625592485261265
646.7907162865146,0.33584993978142597
646.890756302521,0.2952105061527107
646.9907963185274,0.3301439535609869
647.0908363345338,0.3521021761883765
647.1908763505402,0.3145937123098432
647.2909163665466,0.35779861553729525
647.390956382553,0.3648883649848793
647.4909963985594,0.34551192292472477
647.5910364145658,0.26590739760630877
647.6910764305723,0.3107112598138123
647.7911164465786,0.3899797004223186
647.8911564625851,0.3293229562580472
647.9911964785914,0.293544176269209
648.0912364945979,0.37419022254761497
648.1912765106042,0.34380413294064177
648.2913165266107,0.3712548840995917
648.391356542617,0.3507163899834022
648.4913965586234,0.3554173743320609
648.5914365746298,0.3531895206335656
648.6914765906363,0.3617123105369674
648.7915166066426,0.40137159613021955
648.891556622649,0.368871643467311
648.9915966386554,0.3052485693450214
649.0916366546619,0.3560840735636268
649.1916766706682,0.3736149535399319
649.2917166866746,0.3753057675198843
649.391756702681,0.33473334926149356
649.4917967186875,0.37468222401116125
649.5918367346939,0.36891222357607173
649.6918767507002,0.4101915609807871
649.7919167667067,0.3272884529848029
649.8919567827131,0.3335132622832337
649.9919967987195,0.33870498885501166
650.0920368147258,0.3342620068638771
650.1920768307323,0.32442654369895263
650.2921168467387,0.2777695820148115
650.3921568627451,0.3361282945189342
650.4921968787514,0.35638894815872213
650.5922368947579,0.33498356853954037
650.6922769107643,0.3958576640918227
650.7923169267707,0.34796645057283515
650.892356942777,0.3800666024211261
650.9923969587835,0.3544851062927167
651.09243697479,0.368768396913048
651.1924769907963,0.35524776857638424
651.2925170068027,0.3826447575726561
651.3925570228091,0.3499819331745516
651.4925970388156,0.3611446694841007
651.5926370548219,0.3580580713144087
651.6926770708283,0.34185060065892825
651.7927170868347,0.3593401762897735
651.8927571028412,0.4052330468605318
651.9927971188475,0.34277112984620955
652.0928371348539,0.36017522783758704
652.1928771508603,0.3812905199517914
652.2929171668668,0.3785097065359964
652.3929571828731,0.35045350007955495
652.4929971988795,0.2907329731029037
652.593037214886,0.363392247224572
652.6930772308923,0.2951446905416711
652.7931172468988,0.3875367313240857
652.8931572629051,0.35518178329612293
652.9931972789116,0.37609330453022677
653.0932372949179,0.32870507377737407
653.1932773109244,0.3126014434101356
653.2933173269307,0.35808914680115544
653.3933573429372,0.35088623623150034
653.4933973589435,0.33959371382507136
653.59343737495,0.3541545551212833
653.6934773909563,0.4213795846757599
653.7935174069628,0.37321236582365447
653.8935574229691,0.3787421100948715
653.9935974389756,0.37375837758600394
654.093637454982,0.3898017752876481
654.1936774709884,0.34821890267763717
654.2937174869948,0.30175825270842666
654.3937575030012,0.3485734222612339
654.4937975190076,0.37375612671117003
654.593837535014,0.3294343986499757
654.6938775510204,0.34960486662087714
654.7939175670268,0.33736165318007955
654.8939575830332,0.39359145985204125
654.9939975990396,0.37782692299224385
655.094037615046,0.38188051214883956
655.1940776310524,0.3942370570615697
655.2941176470588,0.4024880277472537
655.3941576630652,0.45178123687353694
655.4941976790716,0.4879779522817119
655.594237695078,0.5695909740796555
655.6942777110844,0.7760178514955052
655.7943177270909,0.9684726157369455
655.8943577430972,1.207543462803457
655.9943977591037,1.4401409926210167
656.09443777511,1.6397370717521693
656.1944777911165,1.7188547822739535
656.2945178071228,1.7962457192357943
656.3945578231293,1.7846708700496359
656.4945978391356,1.7161346338677312
656.5946378551421,1.504618368110488
656.6946778711484,1.276256769714437
656.7947178871549,1.0170455953650932
656.8947579031612,0.8062086079676302
656.9947979191677,0.6873401434405284
657.094837935174,0.5213022728037685
657.1948779511804,0.4621301183255185
657.2949179671868,0.4146029276142395
657.3949579831933,0.4279373102959691
657.4949979991997,0.36348304829477374
657.595038015206,0.3035427233059253
657.6950780312125,0.37356483081147457
657.7951180472189,0.34201196688536395
657.8951580632253,0.3600486430383508
657.9951980792316,0.35671767175498836
658.0952380952381,0.35210496884920434
658.1952781112445,0.37882662675347695
658.2953181272509,0.3208867131932881
658.3953581432572,0.34642931207264116
658.4953981592637,0.37660363115098966
658.5954381752701,0.3442989213858279
658.6954781912765,0.3195791940930497
658.7955182072828,0.3766614304059358
658.8955582232893,0.38817293661641433
658.9955982392958,0.35911854744722727
659.0956382553021,0.31136997525198207
659.1956782713085,0.3781878762220191
659.2957182873149,0.3191887817865393
659.3957583033214,0.36855313513497695
659.4957983193277,0.33879355931632155
659.5958383353341,0.3321310010486706
659.6958783513405,0.35022588676976024
659.795918367347,0.35683767724643417
659.8959583833533,0.3454612130262227
659.9959983993597,0.37643012775182266
660.0960384153661,0.35070676044215476
660.1960784313726,0.38650903761550337
660.296118447379,0.36917918691551205
660.3961584633853,0.3448563398100667
660.4961984793918,0.3407920045502144
660.5962384953982,0.3213981445335204
660.6962785114046,0.3699987497363211
660.7963185274109,0.3540104170296792
660.8963585434174,0.3037147192986597
660.9963985594238,0.34977105306637174
661.0964385754302,0.34078220636527656
661.1964785914365,0.402843943168768
661.296518607443,0.32102629762446905
661.3965586234493,0.3277055650093669
661.4965986394558,0.39163195992059235
661.5966386554621,0.3979449926163322
661.6966786714686,0.34554434528370814
661.7967186874749,0.3485095877294061
661.8967587034814,0.37986024147879294
661.9967987194877,0.30641929286766034
662.0968387354942,0.3182091841110086
662.1968787515005,0.3578627360873497
662.296918767507,0.4037701858476071
662.3969587835134,0.3542713250265263
662.4969987995198,0.36782945676230067
662.5970388155262,0.3937920319761161
662.6970788315326,0.418260484396493
662.797118847539,0.3513080221039578
662.8971588635454,0.365448984930851
662.9971988795518,0.4115617531320889
663.0972388955582,0.3280956600369194
663.1972789115646,0.3919802370052755
663.297318927571,0.34097268852798485
663.3973589435774,0.36913205014701467
663.4973989595838,0.3606442257213078
663.5974389755902,0.34289866889940784
663.6974789915967,0.34241046308080303
663.797519007603,0.37403721735124634
663.8975590236095,0.39215398231323556
663.9975990396158,0.36416052806133087
664.0976390556223,0.3692949885865337
664.1976790716286,0.3819595294772952
664.2977190876351,0.3435275177022399
664.3977591036414,0.38644789923394074
664.4977991196479,0.38857655301916816
664.5978391356542,0.4333208109897068
664.6978791516607,0.3589645148323826
664.797919167667,0.35705182806691627
664.8979591836735,0.3878645601384373
664.9979991996798,0.38925434383374563
665.0980392156863,0.355535672354643
665.1980792316926,0.3589696804568478
665.2981192476991,0.3827126984379173
665.3981592637055,0.3486302847779703
665.4981992797118,0.35919178692328135
665.5982392957183,0.37182998345235957
665.6982793117247,0.39462344015587414
665.7983193277311,0.3547445968279682
665.8983593437374,0.32393431961788643
665.9983993597439,0.3222131424668386
666.0984393757503,0.3387766788359169
666.1984793917567,0.3375665165744863
666.298519407763,0.36666392158335837
666.3985594237695,0.34094044403988516
666.498599439776,0.35322660684683027
666.5986394557823,0.35157614163371126
666.6986794717886,0.3600481744299716
666.7987194877951,0.40425583503464957
666.8987595038016,0.3878740452075589
666.9987995198079,0.37186049183793357
667.0988395358142,0.36006327201581234
667.1988795518207,0.3608895561120354
667.2989195678272,0.38004524803145195
667.3989595838335,0.3865867964659308
667.4989995998399,0.3494228842620535
667.5990396158463,0.3731558613607778
667.6990796318528,0.3215836414254353
667.7991196478591,0.37779703037782586
667.8991596638655,0.39168773826016867
667.9991996798719,0.3657618786309498
668.0992396958784,0.418306121302327
668.1992797118847,0.35099110166473163
668.2993197278911,0.378586953394777
668.3993597438975,0.37238396757259223
668.499399759904,0.37090055020334906
668.5994397759104,0.37067810512226124
668.6994797919167,0.3763417136498669
668.7995198079232,0.3949907455712804
668.8995598239296,0.40836263184988136
668.999599839936,0.37399017802942197
669.0996398559423,0.39455630275540676
669.1996798719488,0.35675595208497385
669.2997198879552,0.3935754942051017
669.3997599039616,0.35550305866666854
669.4997999199679,0.40194534014734656
669.5998399359744,0.4300706141494771
669.6998799519808,0.3718780003528646
669.7999199679872,0.3202417698707681
669.8999599839935,0.36147854703524557
670.0,0.4061020149729414
